{"cameraMode":{"drawMode":0,"name":"Shaded","section":"Shading Mode"},"sceneLighting":true,"audioPlay":false,"sceneViewState":{"m_AlwaysRefresh":false,"showFog":true,"showSkybox":true,"showFlares":true,"showImageEffects":true,"showParticleSystems":true,"showVisualEffectGraphs":true,"m_FxEnabled":true},"in2DMode":false,"pivot":{"x":-0.8128988742828369,"y":-1.7272605895996094,"z":3.952816963195801},"rotation":{"x":-0.16876749694347382,"y":-0.05113412067294121,"z":0.00876649096608162,"w":-0.9842925071716309},"size":7.609086513519287,"orthographic":false}